<?xml version="1.0" encoding="UTF-8"?>
<teamcity-plugin xmlns:xsi="http://www.w3.org/2001/XMLSchema-instance" xsi:noNamespaceSchemaLocation="urn:schemas-jetbrains-com:teamcity-plugin-v1-xml">
  <info>
    <name>nouvolaDiveCloudPlugin</name>
    <display-name>Nouvola DiveCloud Test</display-name>
    <version>1.0</version>
    <description>Run a Nouvola DiveCloud Test Plan</description>
    <download-url>Plugin download URL</download-url>
    <email>shawn.macarthur@nouvola.com</email>
    <vendor>
      <name>Nouvola</name>
      <url>http://www.nouvola.com/</url>
      <logo>http://www.nouvola.com/wp-content/themes/nouvola/assets/images/logo2.png</logo>
    </vendor>
  </info>
  <deployment use-separate-classloader="true" />
</teamcity-plugin>
